{
  "Perceptron": {
    "metrics": {
      "accuracy": 0.9987594213754037,
      "precision": 0.7288135593220215,
      "recall": 0.5374999999999933,
      "f1": 0.6187050359707256,
      "tp": 43,
      "tn": 42626,
      "fp": 16,
      "fn": 37
    },
    "notes": "Simple linear baseline with hard updates."
  },
  "Logistic Regression": {
    "metrics": {
      "accuracy": 0.999157342821029,
      "precision": 0.76829268292682,
      "recall": 0.7874999999999902,
      "f1": 0.7777777777772684,
      "tp": 63,
      "tn": 42623,
      "fp": 19,
      "fn": 17
    },
    "notes": "Best validation threshold = 0.93, validation F1 = 0.8372."
  },
  "Kernel Perceptron": {
    "metrics": {
      "accuracy": 0.9827489349749543,
      "precision": 0.0878293601003763,
      "recall": 0.8749999999999891,
      "f1": 0.15963511972617364,
      "tp": 70,
      "tn": 41915,
      "fp": 727,
      "fn": 10
    },
    "notes": "Used a balanced subset to keep kernel computation manageable."
  },
  "MLP": {
    "metrics": {
      "accuracy": 0.0018959786526847994,
      "precision": 0.0018726153414011844,
      "recall": 0.9999999999999876,
      "f1": 0.0037382304151734836,
      "tp": 80,
      "tn": 1,
      "fp": 42641,
      "fn": 0
    },
    "notes": "Best validation threshold = 0.48, validation F1 = 0.0032."
  },
  "Gaussian Naive Bayes": {
    "metrics": {
      "accuracy": 0.979588970553813,
      "precision": 0.06956521739130427,
      "recall": 0.79999999999999,
      "f1": 0.12799999999985254,
      "tp": 64,
      "tn": 41786,
      "fp": 856,
      "fn": 16
    },
    "notes": "Best validation threshold = 0.98, validation F1 = 0.1186."
  }
}